<?xml version="1.0" encoding="UTF-8" standalone="no"?><configurationDescriptor version="65">
  <logicalFolder displayName="root" name="root" projectFiles="true">
    <logicalFolder displayName="Header Files" name="HeaderFiles" projectFiles="true">
      <logicalFolder displayName="app" name="f2" projectFiles="true">
        <logicalFolder displayName="system_config" name="f1" projectFiles="true">
          <logicalFolder displayName="default" name="f1" projectFiles="true">
            <logicalFolder displayName="framework" name="f1" projectFiles="true">
              <logicalFolder displayName="system" name="f1" projectFiles="true">
                <logicalFolder displayName="devcon" name="f1" projectFiles="true">
                  <logicalFolder displayName="src" name="f1" projectFiles="true">
                    <itemPath>../src/system_config/default/framework/system/devcon/src/sys_devcon_local.h</itemPath>
                  </logicalFolder>
                  <itemPath>../src/system_config/default/framework/system/devcon/sys_devcon.h</itemPath>
                </logicalFolder>
              </logicalFolder>
            </logicalFolder>
            <itemPath>../src/system_config/default/system_config.h</itemPath>
            <itemPath>../src/system_config/default/system_definitions.h</itemPath>
          </logicalFolder>
        </logicalFolder>
        <itemPath>../src/HW7_functions.h</itemPath>
        <itemPath>../src/I2C_master_no_int.h</itemPath>
        <itemPath>../src/app.h</itemPath>
        <itemPath>../src/ili9341.h</itemPath>
      </logicalFolder>
      <logicalFolder displayName="framework" name="f1" projectFiles="true">
        <logicalFolder displayName="osal" name="f1" projectFiles="true">
          <itemPath>../../../../../../../../microchip/harmony/v2_06/framework/osal/osal.h</itemPath>
          <itemPath>../../../../../../../../microchip/harmony/v2_06/framework/osal/osal_definitions.h</itemPath>
          <itemPath>../../../../../../../../microchip/harmony/v2_06/framework/osal/osal_impl_basic.h</itemPath>
        </logicalFolder>
        <logicalFolder displayName="system" name="f2" projectFiles="true">
          <logicalFolder displayName="clk" name="f2" projectFiles="true">
            <itemPath>../../../../../../../../microchip/harmony/v2_06/framework/system/clk/sys_clk.h</itemPath>
            <itemPath>../../../../../../../../microchip/harmony/v2_06/framework/system/clk/sys_clk_compatibility.h</itemPath>
            <itemPath>../../../../../../../../microchip/harmony/v2_06/framework/system/clk/sys_clk_mapping.h</itemPath>
          </logicalFolder>
          <logicalFolder displayName="common" name="f1" projectFiles="true">
            <itemPath>../../../../../../../../microchip/harmony/v2_06/framework/system/common/sys_common.h</itemPath>
            <itemPath>../../../../../../../../microchip/harmony/v2_06/framework/system/common/sys_module.h</itemPath>
            <itemPath>../../../../../../../../microchip/harmony/v2_06/framework/system/common/sys_buffer.h</itemPath>
            <itemPath>../../../../../../../../microchip/harmony/v2_06/framework/system/common/sys_queue.h</itemPath>
          </logicalFolder>
          <logicalFolder displayName="debug" name="f4" projectFiles="true">
            <itemPath>../../../../../../../../microchip/harmony/v2_06/framework/system/debug/sys_debug.h</itemPath>
          </logicalFolder>
          <logicalFolder displayName="int" name="f5" projectFiles="true">
            <logicalFolder displayName="src" name="f1" projectFiles="true">
              <itemPath>../../../../../../../../microchip/harmony/v2_06/framework/system/int/src/sys_int_private.h</itemPath>
            </logicalFolder>
            <itemPath>../../../../../../../../microchip/harmony/v2_06/framework/system/int/sys_int.h</itemPath>
            <itemPath>../../../../../../../../microchip/harmony/v2_06/framework/system/int/sys_int_mapping.h</itemPath>
          </logicalFolder>
          <logicalFolder displayName="ports" name="f3" projectFiles="true">
            <itemPath>../../../../../../../../microchip/harmony/v2_06/framework/system/ports/sys_ports.h</itemPath>
            <itemPath>../../../../../../../../microchip/harmony/v2_06/framework/system/ports/sys_ports_definitions.h</itemPath>
          </logicalFolder>
          <itemPath>../../../../../../../../microchip/harmony/v2_06/framework/system/system.h</itemPath>
        </logicalFolder>
      </logicalFolder>
    </logicalFolder>
    <logicalFolder displayName="Linker Files" name="LinkerScript" projectFiles="true">
    </logicalFolder>
    <logicalFolder displayName="Source Files" name="SourceFiles" projectFiles="true">
      <logicalFolder displayName="app" name="f2" projectFiles="true">
        <logicalFolder displayName="system_config" name="f1" projectFiles="true">
          <logicalFolder displayName="default" name="f1" projectFiles="true">
            <logicalFolder displayName="framework" name="f1" projectFiles="true">
              <logicalFolder displayName="system" name="f1" projectFiles="true">
                <logicalFolder displayName="clk" name="f1" projectFiles="true">
                  <logicalFolder displayName="src" name="f1" projectFiles="true">
                    <itemPath>../src/system_config/default/framework/system/clk/src/sys_clk_pic32mx.c</itemPath>
                  </logicalFolder>
                </logicalFolder>
                <logicalFolder displayName="devcon" name="f2" projectFiles="true">
                  <logicalFolder displayName="src" name="f1" projectFiles="true">
                    <itemPath>../src/system_config/default/framework/system/devcon/src/sys_devcon.c</itemPath>
                    <itemPath>../src/system_config/default/framework/system/devcon/src/sys_devcon_pic32mx.c</itemPath>
                  </logicalFolder>
                </logicalFolder>
                <logicalFolder displayName="ports" name="f3" projectFiles="true">
                  <logicalFolder displayName="src" name="f1" projectFiles="true">
                    <itemPath>../src/system_config/default/framework/system/ports/src/sys_ports_static.c</itemPath>
                  </logicalFolder>
                </logicalFolder>
              </logicalFolder>
            </logicalFolder>
            <itemPath>../src/system_config/default/system_init.c</itemPath>
            <itemPath>../src/system_config/default/system_interrupt.c</itemPath>
            <itemPath>../src/system_config/default/system_exceptions.c</itemPath>
            <itemPath>../src/system_config/default/system_tasks.c</itemPath>
          </logicalFolder>
        </logicalFolder>
        <itemPath>../src/main.c</itemPath>
        <itemPath>../src/ili9341.c</itemPath>
        <itemPath>../src/I2C_master_no_int.c</itemPath>
        <itemPath>../src/HW7_functions.c</itemPath>
        <itemPath>../src/app.c</itemPath>
      </logicalFolder>
      <logicalFolder displayName="framework" name="f1" projectFiles="true">
        <logicalFolder displayName="system" name="f1" projectFiles="true">
          <logicalFolder displayName="int" name="f1" projectFiles="true">
            <logicalFolder displayName="src" name="f1" projectFiles="true">
              <itemPath>../../../../../../../../microchip/harmony/v2_06/framework/system/int/src/sys_int_pic32.c</itemPath>
            </logicalFolder>
          </logicalFolder>
        </logicalFolder>
      </logicalFolder>
    </logicalFolder>
    <logicalFolder displayName="Important Files" name="ExternalFiles" projectFiles="false">
      <itemPath>Makefile</itemPath>
    </logicalFolder>
  </logicalFolder>
  <sourceRootList>
    <Elem>../src</Elem>
    <Elem>../../../../../../microchip/harmony/v2_06</Elem>
    <Elem>..\src</Elem>
    <Elem>..\src\default</Elem>
    <Elem>..\src\system_config\default</Elem>
  </sourceRootList>
  <projectmakefile>Makefile</projectmakefile>
  <confs>
    <conf name="default" type="2">
      <toolsSet>
        <developmentServer>localhost</developmentServer>
        <targetDevice>PIC32MX250F128B</targetDevice>
        <targetHeader/>
        <targetPluginBoard/>
        <platformTool>snap</platformTool>
        <languageToolchain>XC32</languageToolchain>
        <languageToolchainVersion>2.15</languageToolchainVersion>
        <platform>3</platform>
      </toolsSet>
      <packs>
        <pack name="PIC32MX_DFP" vendor="Microchip" version="1.0.28"/>
      </packs>
      <compileType>
        <linkerTool>
          <linkerLibItems>
            <linkerLibFileItem>../../../../../../../../microchip/harmony/v2_06/bin/framework/peripheral/PIC32MX250F128B_peripherals.a</linkerLibFileItem>
          </linkerLibItems>
        </linkerTool>
        <archiverTool>
        </archiverTool>
        <loading>
          <useAlternateLoadableFile>false</useAlternateLoadableFile>
          <parseOnProdLoad>false</parseOnProdLoad>
          <alternateLoadableFile/>
        </loading>
        <subordinates>
        </subordinates>
      </compileType>
      <makeCustomizationType>
        <makeCustomizationPreStepEnabled>false</makeCustomizationPreStepEnabled>
        <makeCustomizationPreStep/>
        <makeCustomizationPostStepEnabled>false</makeCustomizationPostStepEnabled>
        <makeCustomizationPostStep/>
        <makeCustomizationPutChecksumInUserID>false</makeCustomizationPutChecksumInUserID>
        <makeCustomizationEnableLongLines>false</makeCustomizationEnableLongLines>
        <makeCustomizationNormalizeHexFile>false</makeCustomizationNormalizeHexFile>
      </makeCustomizationType>
      <C32>
        <property key="additional-warnings" value="false"/>
        <property key="enable-app-io" value="false"/>
        <property key="enable-omit-frame-pointer" value="false"/>
        <property key="enable-symbols" value="true"/>
        <property key="enable-unroll-loops" value="false"/>
        <property key="exclude-floating-point" value="false"/>
        <property key="extra-include-directories" value="../src;../src/system_config/default;../src/default;../../../../../../../../microchip/harmony/v2_06/framework;../src/system_config/default/framework"/>
        <property key="generate-16-bit-code" value="false"/>
        <property key="generate-micro-compressed-code" value="false"/>
        <property key="isolate-each-function" value="true"/>
        <property key="make-warnings-into-errors" value="false"/>
        <property key="optimization-level" value="-O1"/>
        <property key="place-data-into-section" value="false"/>
        <property key="post-instruction-scheduling" value="default"/>
        <property key="pre-instruction-scheduling" value="default"/>
        <property key="preprocessor-macros" value=""/>
        <property key="strict-ansi" value="false"/>
        <property key="support-ansi" value="false"/>
        <property key="use-cci" value="false"/>
        <property key="use-iar" value="false"/>
        <property key="use-indirect-calls" value="false"/>
      </C32>
      <C32-AR>
        <property key="additional-options-chop-files" value="false"/>
      </C32-AR>
      <C32-AS>
        <property key="generate-micro-compressed-code" value="false"/>
      </C32-AS>
      <C32-LD>
        <property key="additional-options-use-response-files" value="false"/>
        <property key="enable-check-sections" value="false"/>
        <property key="exclude-floating-point-library" value="false"/>
        <property key="exclude-standard-libraries" value="false"/>
        <property key="extra-lib-directories" value=""/>
        <property key="fill-flash-options-addr" value=""/>
        <property key="fill-flash-options-const" value=""/>
        <property key="fill-flash-options-how" value="0"/>
        <property key="fill-flash-options-inc-const" value="1"/>
        <property key="fill-flash-options-increment" value=""/>
        <property key="fill-flash-options-seq" value=""/>
        <property key="fill-flash-options-what" value="0"/>
        <property key="generate-16-bit-code" value="false"/>
        <property key="generate-cross-reference-file" value="false"/>
        <property key="generate-micro-compressed-code" value="false"/>
        <property key="heap-size" value="0"/>
        <property key="input-libraries" value=""/>
        <property key="linker-symbols" value=""/>
        <property key="map-file" value="${DISTDIR}/${PROJECTNAME}.${IMAGE_TYPE}.map"/>
        <property key="no-startup-files" value="false"/>
        <property key="oXC32ld-extra-opts" value=""/>
        <property key="optimization-level" value=""/>
        <property key="preprocessor-macros" value=""/>
        <property key="remove-unused-sections" value="true"/>
        <property key="report-memory-usage" value="false"/>
        <property key="stack-size" value=""/>
        <property key="symbol-stripping" value=""/>
        <property key="trace-symbols" value=""/>
        <property key="warn-section-align" value="false"/>
      </C32-LD>
      <C32CPP>
        <property key="additional-warnings" value="false"/>
        <property key="check-new" value="false"/>
        <property key="eh-specs" value="true"/>
        <property key="enable-app-io" value="false"/>
        <property key="enable-omit-frame-pointer" value="false"/>
        <property key="enable-symbols" value="true"/>
        <property key="enable-unroll-loops" value="false"/>
        <property key="exceptions" value="true"/>
        <property key="exclude-floating-point" value="false"/>
        <property key="extra-include-directories" value=""/>
        <property key="generate-16-bit-code" value="false"/>
        <property key="generate-micro-compressed-code" value="false"/>
        <property key="isolate-each-function" value="true"/>
        <property key="make-warnings-into-errors" value="false"/>
        <property key="optimization-level" value="-O1"/>
        <property key="place-data-into-section" value="false"/>
        <property key="post-instruction-scheduling" value="default"/>
        <property key="pre-instruction-scheduling" value="default"/>
        <property key="preprocessor-macros" value=""/>
        <property key="rtti" value="true"/>
        <property key="strict-ansi" value="false"/>
        <property key="use-cci" value="false"/>
        <property key="use-iar" value="false"/>
        <property key="use-indirect-calls" value="false"/>
      </C32CPP>
      <C32Global>
        <property key="gp-relative-option" value=""/>
        <property key="legacy-libc" value="false"/>
        <property key="save-temps" value="false"/>
        <property key="wpo-lto" value="false"/>
      </C32Global>
      <PICkit3PlatformTool>
        <property key="ADC 1" value="true"/>
        <property key="AutoSelectMemRanges" value="auto"/>
        <property key="CHANGE NOTICE" value="true"/>
        <property key="COMPARATOR" value="true"/>
        <property key="CTMU" value="true"/>
        <property key="DMA" value="true"/>
        <property key="Freeze All Other Peripherals" value="true"/>
        <property key="I2C1" value="true"/>
        <property key="I2C2" value="true"/>
        <property key="INPUT CAPTURE 1" value="true"/>
        <property key="INPUT CAPTURE 2" value="true"/>
        <property key="INPUT CAPTURE 3" value="true"/>
        <property key="INPUT CAPTURE 4" value="true"/>
        <property key="INPUT CAPTURE 5" value="true"/>
        <property key="INTERRUPT CONTROL" value="true"/>
        <property key="OUTPUT COMPARE 1" value="true"/>
        <property key="OUTPUT COMPARE 2" value="true"/>
        <property key="OUTPUT COMPARE 3" value="true"/>
        <property key="OUTPUT COMPARE 4" value="true"/>
        <property key="OUTPUT COMPARE 5" value="true"/>
        <property key="PARALLEL MASTER/SLAVE PORT" value="true"/>
        <property key="REAL TIME CLOCK" value="true"/>
        <property key="SPI/I2S 1" value="true"/>
        <property key="SPI/I2S 2" value="true"/>
        <property key="SecureSegment.SegmentProgramming" value="FullChipProgramming"/>
        <property key="TIMER1" value="true"/>
        <property key="TIMER2" value="true"/>
        <property key="TIMER3" value="true"/>
        <property key="TIMER4" value="true"/>
        <property key="TIMER5" value="true"/>
        <property key="ToolFirmwareFilePath" value="Press to browse for a specific firmware version"/>
        <property key="ToolFirmwareOption.UseLatestFirmware" value="true"/>
        <property key="UART1" value="true"/>
        <property key="UART2" value="true"/>
        <property key="hwtoolclock.frcindebug" value="false"/>
        <property key="memories.aux" value="false"/>
        <property key="memories.bootflash" value="true"/>
        <property key="memories.configurationmemory" value="true"/>
        <property key="memories.eeprom" value="true"/>
        <property key="memories.flashdata" value="true"/>
        <property key="memories.id" value="true"/>
        <property key="memories.programmemory" value="true"/>
        <property key="memories.programmemory.end" value="0x1d003fff"/>
        <property key="memories.programmemory.start" value="0x1d000000"/>
        <property key="poweroptions.powerenable" value="false"/>
        <property key="programmertogo.imagename" value=""/>
        <property key="programoptions.donoteraseauxmem" value="false"/>
        <property key="programoptions.eraseb4program" value="true"/>
        <property key="programoptions.pgmspeed" value="2"/>
        <property key="programoptions.preserveeeprom" value="false"/>
        <property key="programoptions.preserveprogramrange" value="false"/>
        <property key="programoptions.preserveprogramrange.end" value="0x1d003fff"/>
        <property key="programoptions.preserveprogramrange.start" value="0x1d000000"/>
        <property key="programoptions.preserveuserid" value="false"/>
        <property key="programoptions.testmodeentrymethod" value="VPPFirst"/>
        <property key="programoptions.usehighvoltageonmclr" value="false"/>
        <property key="programoptions.uselvpprogramming" value="false"/>
        <property key="voltagevalue" value="3.25"/>
      </PICkit3PlatformTool>
    </conf>
  </confs>
</configurationDescriptor>